{
    "Code": null,
    "Data": {
        "jdeBomItem": [
            {
                "OrderNumber": "2173365",
                "OrTy": "SO",
                "OrderDate": "4/18/2017",
                "InvoiceDate": "4/18/2017",
                "LineNumber": "1000",
                "LnTy": "W ",
                "Quantity": "1",
                "UOM": "EA",
                "SecondItemNumber": "6209                     ",
                "SpclOrder": "   ",
                "Description1": "DS216+                        ",
                "DescriptionLine2": "                              ",
                "ThirdItemNumber": "6209                     ",
                "ProdCat": "ST ",
                "LastStatus": "620",
                "NextStatus": "999",
                "SoldTo": "9010226",
                "SoldToName": "Equus Computer Systems - MN House Acct  ",
                "ShipTo": "Overridden",
                "RelOrdType": "WO",
                "LotSerialNumber": "1578970                       ",
                "ShipmentNumber": "1408887        ",
                "ModTrn": "GRD",
                "OrderCo": "00001",
                "SellingBranch": "        101M",
                "BuildingBranch": "        105M",
                "ExtendedAmount": "478",
                "CustomerPO": "order0418-03             ",
                "DocumentNumber": "1850539",
                "DocTy": "  ",
                "ActualShip": "4/18/2017",
                "QuantityOrdered": "1",
                "QuantityShipped": "1",
                "QuantityBackordered": "0"
            },
            {
                "OrderNumber": "2173365",
                "OrTy": "SO",
                "OrderDate": "4/18/2017",
                "InvoiceDate": "",
                "LineNumber": "1001",
                "LnTy": "T ",
                "Quantity": "1",
                "UOM": "EA",
                "SecondItemNumber": "SYS0001                  ",
                "SpclOrder": "   ",
                "Description1": "System Srvc Routing-No Charge ",
                "DescriptionLine2": "                              ",
                "ThirdItemNumber": "SYS0001                  ",
                "ProdCat": "SV ",
                "LastStatus": "540",
                "NextStatus": "999",
                "SoldTo": "9010226",
                "SoldToName": "Equus Computer Systems - MN House Acct  ",
                "ShipTo": "Overridden",
                "RelOrdType": "  ",
                "LotSerialNumber": "                              ",
                "ShipmentNumber": "               ",
                "ModTrn": "GRD",
                "OrderCo": "00001",
                "SellingBranch": "        101M",
                "BuildingBranch": "        105M",
                "ExtendedAmount": "0",
                "CustomerPO": "order0418-03             ",
                "DocumentNumber": "0",
                "DocTy": "  ",
                "ActualShip": "",
                "QuantityOrdered": "1",
                "QuantityShipped": "1",
                "QuantityBackordered": "0"
            },
            {
                "OrderNumber": "2173365",
                "OrTy": "SO",
                "OrderDate": "4/18/2017",
                "InvoiceDate": "",
                "LineNumber": "1002",
                "LnTy": "T ",
                "Quantity": "1",
                "UOM": "EA",
                "SecondItemNumber": "SY8141                   ",
                "SpclOrder": "   ",
                "Description1": "SYNOLOGY DS216+ Celeron N3050 ",
                "DescriptionLine2": "2 BAY 1.3Ghz/3.5/2.5/SATA/USB3",
                "ThirdItemNumber": "DS216+.                  ",
                "ProdCat": "SY ",
                "LastStatus": "540",
                "NextStatus": "999",
                "SoldTo": "9010226",
                "SoldToName": "Equus Computer Systems - MN House Acct  ",
                "ShipTo": "Overridden",
                "RelOrdType": "  ",
                "LotSerialNumber": "                              ",
                "ShipmentNumber": "               ",
                "ModTrn": "GRD",
                "OrderCo": "00001",
                "SellingBranch": "        101M",
                "BuildingBranch": "        105M",
                "ExtendedAmount": "0",
                "CustomerPO": "order0418-03             ",
                "DocumentNumber": "0",
                "DocTy": "  ",
                "ActualShip": "",
                "QuantityOrdered": "1",
                "QuantityShipped": "1",
                "QuantityBackordered": "0"
            },
            {
                "OrderNumber": "2173365",
                "OrTy": "SO",
                "OrderDate": "4/18/2017",
                "InvoiceDate": "",
                "LineNumber": "1003",
                "LnTy": "T ",
                "Quantity": "1",
                "UOM": "EA",
                "SecondItemNumber": "BF1003                   ",
                "SpclOrder": "   ",
                "Description1": "Desktop PC - ATX              ",
                "DescriptionLine2": "                              ",
                "ThirdItemNumber": "BF1003                   ",
                "ProdCat": "BF ",
                "LastStatus": "540",
                "NextStatus": "999",
                "SoldTo": "9010226",
                "SoldToName": "Equus Computer Systems - MN House Acct  ",
                "ShipTo": "Overridden",
                "RelOrdType": "  ",
                "LotSerialNumber": "                              ",
                "ShipmentNumber": "               ",
                "ModTrn": "GRD",
                "OrderCo": "00001",
                "SellingBranch": "        101M",
                "BuildingBranch": "        105M",
                "ExtendedAmount": "0",
                "CustomerPO": "order0418-03             ",
                "DocumentNumber": "0",
                "DocTy": "  ",
                "ActualShip": "",
                "QuantityOrdered": "1",
                "QuantityShipped": "1",
                "QuantityBackordered": "0"
            },
            {
                "OrderNumber": "2173365",
                "OrTy": "SO",
                "OrderDate": "4/18/2017",
                "InvoiceDate": "",
                "LineNumber": "1004",
                "LnTy": "T ",
                "Quantity": "1",
                "UOM": "EA",
                "SecondItemNumber": "HD1479                   ",
                "SpclOrder": "   ",
                "Description1": "SG ST1000NM0033 1TB SATA 6GB/S",
                "DescriptionLine2": "7200RPM 128MB CONSTELLATION ES",
                "ThirdItemNumber": "ST1000NM0033             ",
                "ProdCat": "HD ",
                "LastStatus": "540",
                "NextStatus": "999",
                "SoldTo": "9010226",
                "SoldToName": "Equus Computer Systems - MN House Acct  ",
                "ShipTo": "Overridden",
                "RelOrdType": "  ",
                "LotSerialNumber": "                              ",
                "ShipmentNumber": "               ",
                "ModTrn": "GRD",
                "OrderCo": "00001",
                "SellingBranch": "        101M",
                "BuildingBranch": "        105M",
                "ExtendedAmount": "0",
                "CustomerPO": "order0418-03             ",
                "DocumentNumber": "0",
                "DocTy": "  ",
                "ActualShip": "",
                "QuantityOrdered": "1",
                "QuantityShipped": "1",
                "QuantityBackordered": "0"
            },
            {
                "OrderNumber": "2173365",
                "OrTy": "SO",
                "OrderDate": "4/18/2017",
                "InvoiceDate": "",
                "LineNumber": "1005",
                "LnTy": "T ",
                "Quantity": "1",
                "UOM": "EA",
                "SecondItemNumber": "MC9035                   ",
                "SpclOrder": "   ",
                "Description1": "INTEGRATED PROCESSOR          ",
                "DescriptionLine2": "FOR PARTNERLINK ONLY          ",
                "ThirdItemNumber": "MC9035                   ",
                "ProdCat": "MC ",
                "LastStatus": "540",
                "NextStatus": "999",
                "SoldTo": "9010226",
                "SoldToName": "Equus Computer Systems - MN House Acct  ",
                "ShipTo": "Overridden",
                "RelOrdType": "  ",
                "LotSerialNumber": "                              ",
                "ShipmentNumber": "               ",
                "ModTrn": "GRD",
                "OrderCo": "00001",
                "SellingBranch": "        101M",
                "BuildingBranch": "        105M",
                "ExtendedAmount": "0",
                "CustomerPO": "order0418-03             ",
                "DocumentNumber": "0",
                "DocTy": "  ",
                "ActualShip": "",
                "QuantityOrdered": "1",
                "QuantityShipped": "1",
                "QuantityBackordered": "0"
            },
            {
                "OrderNumber": "2173365",
                "OrTy": "SO",
                "OrderDate": "4/18/2017",
                "InvoiceDate": "",
                "LineNumber": "1006",
                "LnTy": "T ",
                "Quantity": "1",
                "UOM": "EA",
                "SecondItemNumber": "MC9008                   ",
                "SpclOrder": "   ",
                "Description1": "INTEGRATED MEMORY             ",
                "DescriptionLine2": "FOR PARTNERLINK ONLY          ",
                "ThirdItemNumber": "MC9008                   ",
                "ProdCat": "MC ",
                "LastStatus": "540",
                "NextStatus": "999",
                "SoldTo": "9010226",
                "SoldToName": "Equus Computer Systems - MN House Acct  ",
                "ShipTo": "Overridden",
                "RelOrdType": "  ",
                "LotSerialNumber": "                              ",
                "ShipmentNumber": "               ",
                "ModTrn": "GRD",
                "OrderCo": "00001",
                "SellingBranch": "        101M",
                "BuildingBranch": "        105M",
                "ExtendedAmount": "0",
                "CustomerPO": "order0418-03             ",
                "DocumentNumber": "0",
                "DocTy": "  ",
                "ActualShip": "",
                "QuantityOrdered": "1",
                "QuantityShipped": "1",
                "QuantityBackordered": "0"
            },
            {
                "OrderNumber": "2173365",
                "OrTy": "SO",
                "OrderDate": "4/18/2017",
                "InvoiceDate": "",
                "LineNumber": "1007",
                "LnTy": "T ",
                "Quantity": "1",
                "UOM": "EA",
                "SecondItemNumber": "MC9003                   ",
                "SpclOrder": "   ",
                "Description1": "INTEGRATED LAN                ",
                "DescriptionLine2": "FOR PARTNERLINK ONLY          ",
                "ThirdItemNumber": "MC9003                   ",
                "ProdCat": "MC ",
                "LastStatus": "540",
                "NextStatus": "999",
                "SoldTo": "9010226",
                "SoldToName": "Equus Computer Systems - MN House Acct  ",
                "ShipTo": "Overridden",
                "RelOrdType": "  ",
                "LotSerialNumber": "                              ",
                "ShipmentNumber": "               ",
                "ModTrn": "GRD",
                "OrderCo": "00001",
                "SellingBranch": "        101M",
                "BuildingBranch": "        105M",
                "ExtendedAmount": "0",
                "CustomerPO": "order0418-03             ",
                "DocumentNumber": "0",
                "DocTy": "  ",
                "ActualShip": "",
                "QuantityOrdered": "1",
                "QuantityShipped": "1",
                "QuantityBackordered": "0"
            },
            {
                "OrderNumber": "2173365",
                "OrTy": "SO",
                "OrderDate": "4/18/2017",
                "InvoiceDate": "",
                "LineNumber": "1008",
                "LnTy": "T ",
                "Quantity": "1",
                "UOM": "EA",
                "SecondItemNumber": "MC9043                   ",
                "SpclOrder": "   ",
                "Description1": "INTEGRATED NAS OS             ",
                "DescriptionLine2": "FOR PARTNERLINK ONLY          ",
                "ThirdItemNumber": "MC9043                   ",
                "ProdCat": "MC ",
                "LastStatus": "540",
                "NextStatus": "999",
                "SoldTo": "9010226",
                "SoldToName": "Equus Computer Systems - MN House Acct  ",
                "ShipTo": "Overridden",
                "RelOrdType": "  ",
                "LotSerialNumber": "                              ",
                "ShipmentNumber": "               ",
                "ModTrn": "GRD",
                "OrderCo": "00001",
                "SellingBranch": "        101M",
                "BuildingBranch": "        105M",
                "ExtendedAmount": "0",
                "CustomerPO": "order0418-03             ",
                "DocumentNumber": "0",
                "DocTy": "  ",
                "ActualShip": "",
                "QuantityOrdered": "1",
                "QuantityShipped": "1",
                "QuantityBackordered": "0"
            },
            {
                "OrderNumber": "2173365",
                "OrTy": "SO",
                "OrderDate": "4/18/2017",
                "InvoiceDate": "",
                "LineNumber": "1009",
                "LnTy": "T ",
                "Quantity": "1",
                "UOM": "EA",
                "SecondItemNumber": "WR0042                   ",
                "SpclOrder": "   ",
                "Description1": "1Yr Depot NAS Storage         ",
                "DescriptionLine2": "1Yr Depot Warranty            ",
                "ThirdItemNumber": "WR0042                   ",
                "ProdCat": "WR ",
                "LastStatus": "540",
                "NextStatus": "999",
                "SoldTo": "9010226",
                "SoldToName": "Equus Computer Systems - MN House Acct  ",
                "ShipTo": "Overridden",
                "RelOrdType": "  ",
                "LotSerialNumber": "                              ",
                "ShipmentNumber": "               ",
                "ModTrn": "GRD",
                "OrderCo": "00001",
                "SellingBranch": "        101M",
                "BuildingBranch": "        105M",
                "ExtendedAmount": "0",
                "CustomerPO": "order0418-03             ",
                "DocumentNumber": "0",
                "DocTy": "  ",
                "ActualShip": "",
                "QuantityOrdered": "1",
                "QuantityShipped": "1",
                "QuantityBackordered": "0"
            },
            {
                "OrderNumber": "2173365",
                "OrTy": "SO",
                "OrderDate": "4/18/2017",
                "InvoiceDate": "4/18/2017",
                "LineNumber": "2000",
                "LnTy": "FF",
                "Quantity": "1",
                "UOM": "EA",
                "SecondItemNumber": "SV0023                   ",
                "SpclOrder": "   ",
                "Description1": "Shipping & Handling           ",
                "DescriptionLine2": "                              ",
                "ThirdItemNumber": "SV0023                   ",
                "ProdCat": "SV ",
                "LastStatus": "620",
                "NextStatus": "999",
                "SoldTo": "9010226",
                "SoldToName": "Equus Computer Systems - MN House Acct  ",
                "ShipTo": "Overridden",
                "RelOrdType": "  ",
                "LotSerialNumber": "                              ",
                "ShipmentNumber": "1408887        ",
                "ModTrn": "GRD",
                "OrderCo": "00001",
                "SellingBranch": "        101M",
                "BuildingBranch": "        105M",
                "ExtendedAmount": "20.82",
                "CustomerPO": "order0418-03             ",
                "DocumentNumber": "1850539",
                "DocTy": "  ",
                "ActualShip": "4/18/2017",
                "QuantityOrdered": "1",
                "QuantityShipped": "1",
                "QuantityBackordered": "0"
            }
        ],
        "installBase": [
            {
                "FoundIn": "WO Parts List Only",
                "Sequence": "10",
                "ShortItem": "97124",
                "LongItem": "SYS0001                  ",
                "AltItem": "SYS0001                  ",
                "BuildBranch": "        105M",
                "SellBranch": "",
                "Desc1": "System Srvc Routing-No Charge ",
                "Desc2": "                              ",
                "Serial": "                              ",
                "WOOrderQty": "1",
                "WOTxnQty": "0",
                "WOCompleteDt": ""
            },
            {
                "FoundIn": "WO Parts List Only",
                "Sequence": "20",
                "ShortItem": "153413",
                "LongItem": "SY8141                   ",
                "AltItem": "DS216+.                  ",
                "BuildBranch": "        105M",
                "SellBranch": "",
                "Desc1": "SYNOLOGY DS216+ Celeron N3050 ",
                "Desc2": "2 BAY 1.3Ghz/3.5/2.5/SATA/USB3",
                "Serial": "25661                         ",
                "WOOrderQty": "1",
                "WOTxnQty": "1",
                "WOCompleteDt": ""
            },
            {
                "FoundIn": "WO Parts List Only",
                "Sequence": "30",
                "ShortItem": "149745",
                "LongItem": "BF1003                   ",
                "AltItem": "BF1003                   ",
                "BuildBranch": "        105M",
                "SellBranch": "",
                "Desc1": "Desktop PC - ATX              ",
                "Desc2": "                              ",
                "Serial": "                              ",
                "WOOrderQty": "1",
                "WOTxnQty": "0",
                "WOCompleteDt": ""
            },
            {
                "FoundIn": "WO Parts List Only",
                "Sequence": "40",
                "ShortItem": "145857",
                "LongItem": "HD1479                   ",
                "AltItem": "ST1000NM0033             ",
                "BuildBranch": "        105M",
                "SellBranch": "",
                "Desc1": "SG ST1000NM0033 1TB SATA 6GB/S",
                "Desc2": "7200RPM 128MB CONSTELLATION ES",
                "Serial": "Z1W4J6S7                      ",
                "WOOrderQty": "1",
                "WOTxnQty": "1",
                "WOCompleteDt": ""
            },
            {
                "FoundIn": "WO Parts List Only",
                "Sequence": "50",
                "ShortItem": "98495",
                "LongItem": "MC9035                   ",
                "AltItem": "MC9035                   ",
                "BuildBranch": "        105M",
                "SellBranch": "",
                "Desc1": "INTEGRATED PROCESSOR          ",
                "Desc2": "FOR PARTNERLINK ONLY          ",
                "Serial": "                              ",
                "WOOrderQty": "1",
                "WOTxnQty": "0",
                "WOCompleteDt": ""
            },
            {
                "FoundIn": "WO Parts List Only",
                "Sequence": "60",
                "ShortItem": "76846",
                "LongItem": "MC9008                   ",
                "AltItem": "MC9008                   ",
                "BuildBranch": "        105M",
                "SellBranch": "",
                "Desc1": "INTEGRATED MEMORY             ",
                "Desc2": "FOR PARTNERLINK ONLY          ",
                "Serial": "                              ",
                "WOOrderQty": "1",
                "WOTxnQty": "0",
                "WOCompleteDt": ""
            },
            {
                "FoundIn": "WO Parts List Only",
                "Sequence": "70",
                "ShortItem": "72298",
                "LongItem": "MC9003                   ",
                "AltItem": "MC9003                   ",
                "BuildBranch": "        105M",
                "SellBranch": "",
                "Desc1": "INTEGRATED LAN                ",
                "Desc2": "FOR PARTNERLINK ONLY          ",
                "Serial": "                              ",
                "WOOrderQty": "1",
                "WOTxnQty": "0",
                "WOCompleteDt": ""
            },
            {
                "FoundIn": "WO Parts List Only",
                "Sequence": "80",
                "ShortItem": "99820",
                "LongItem": "MC9043                   ",
                "AltItem": "MC9043                   ",
                "BuildBranch": "        105M",
                "SellBranch": "",
                "Desc1": "INTEGRATED NAS OS             ",
                "Desc2": "FOR PARTNERLINK ONLY          ",
                "Serial": "                              ",
                "WOOrderQty": "1",
                "WOTxnQty": "0",
                "WOCompleteDt": ""
            },
            {
                "FoundIn": "WO Parts List Only",
                "Sequence": "90",
                "ShortItem": "151072",
                "LongItem": "WR0042                   ",
                "AltItem": "WR0042                   ",
                "BuildBranch": "        105M",
                "SellBranch": "",
                "Desc1": "1Yr Depot NAS Storage         ",
                "Desc2": "1Yr Depot Warranty            ",
                "Serial": "                              ",
                "WOOrderQty": "1",
                "WOTxnQty": "0",
                "WOCompleteDt": ""
            }
        ]
    },
    "Message": null,
    "Status": true
}