{
  "SendTo": "http://dummy.sourcesupport.com",
  "Data": {
    "serviceRequest": {
      "new_dispatchtype": "Field Engineer Only",
      "statecode": "Active",
      "new_worksitecountry": "US",
      "statuscode": "Pending",
      "createdon": "8/10/2018 10:21 AM",
      "new_sameasshiptoaddress": "No",
      "ownerid": "Mike Yao",
      "modifiedon": "8/10/2018 10:21 AM",
      "transactioncurrencyid": "US Dollar",
      "exchangerate": "1.0000000000",
      "new_shiptocountry": "US",
      "new_shiptoCity": "NY",
      "new_shiptolocationname": "Milestone",
      "new_shiptoemailaddress": "ahmed@gmail.com",
      "new_shiptoattention": "Ahmed",
      "new_shiptophone": "099356475",
      "new_shiptozippostalcode":"536589",
      "new_shiptostateprovince":"california",
      "new_shiptostreetaddressline1":"1-85",
      "new_shiptostreetaddressline2":"mascow",
      "new_shiptostreetaddressline3":"JBS",
      "new_shiptostreetaddressline4":"MILES",
      "new_onsiteservicecompany": "Source Support",
      "modifiedby": "Mike Yao",
      "new_existsr": "No",
      "createdby": "Mike Yao",
      "new_incidentid": "test service request",
      "owningbusinessunit": null,
      "owninguser": null,
      "new_worksitephone": "1231231234",
      "new_worksiteemailaddress": "joe@smith.com",
      "new_scopeofworkdetailnotes": "trouble shoot server start issue",
      "new_specialinstructions": "this is special instructions",
      "new_serialnumberid":"123456",
      "new_caseidtxt": "C0057825",
      "new_worksitestreetaddressline2": "address2",
      "new_worksitestreetaddressline3": null,
      "new_dispatchreasonproblemdescription": "server can not start",
      "new_worksitestreetaddressline1": "1232 somewhere ave",
      "new_worksitestreetaddressline4": null,
      "new_worksiteattention": "youtube",
      "new_worksitelocationname": "ISP",
      "new_worksitezippostalcode": "55435",
      "new_servicerequestid": "48935d14-b19c-e811-80e4-00155d062d1c",
      "new_equusdispatchnumber": "D0000210",
      "new_worksitecity": "Minneapolis",
      "new_worksitestateprovince": "MN"
    },
    "rma": {
      "am_country": "United States",
      "amc_case": "case0809-01",
      "new_priorityone": "Yes",
      "am_rmacontact": "Tester Acc",
      "statecode": "Active",
      "new_country": "US",
      "owningbusinessunit": null,
      "owninguser": null,
      "am_billtoaccount": "Trustwave",
      "new_servicelocation": "Illinois",
      "new_worksitecountry": "US",
      "ownerid": "Jonathan Chao",
      "new_holdforwillcallpickup": "No",
      "am_submittedtojde": "No",
      "am_rmatype": "1R - Advanced Replacement",
      "createdon": "8/9/2018 4:19 AM",
      "am_totalcost_date": "8/9/2018 5:27 PM",
      "new_reportedsymptom": "Customer Changed Mind",
      "new_rollupsr": "1",
      "am_rmatypedetails": "1R System(s)",
      "am_totalcost_state": "1",
      "statuscode": "Not Submittted",
      "new_rmaemailinstructions": "Don?t Send",
      "modifiedon": "8/9/2018 4:19 AM",
      "new_rmaheaderbranch": "105M - Equus",
      "new_doa": "N/A",
      "new_rollupsr_state": "1",
      "transactioncurrencyid": "US Dollar",
      "am_fullservicerma": "No",
      "am_totalcost": "$0.00",
      "exchangerate": "1.0000000000",
      "modifiedby": "Sandy Ho",
      "createdby": "Sandy Ho",
      "new_rmastatus": "Open",
      "am_partialshipmentflag": "No",
      "modifiedonbehalfby": "Sandy Ho",
      "new_rollupsr_date": "8/9/2018 5:27 PM",
      "am_blindshipmentflag": "No",
      "amc_rmaid": "1822425f-b59b-e811-80e4-00155d062d1c",
      "new_email": "tester032103@equuscs.com",
      "new_reportedsymptomdescription": "testing",
      "new_phonenumber": "1234567890",
      "new_billtoaccountnumber": "2121262",
      "am_customerponumber": "po0809-03",
      "new_ticketnumber": "C0058131",
      "amc_name": "case0809-01",
      "am_rmanumbertext": "556441"
    },
    "case": {
      "statuscode": "Assigned to CTS tech",
      "new_iscaseresolved_b74": "No",
      "new_iscaseresolved_b71": "No",
      "new_iscaseresolved_b73": "No",
      "new_iscaseresolved_b72": "No",
      "resolvebyslastatus": "In Progress",
      "modifiedon": "8/9/2018 4:19 AM",
      "transactioncurrencyid": "US Dollar",
      "prioritycode": "Normal",
      "blockedprofile": "No",
      "activitiescomplete": "No",
      "new_iscaseresolved_b55": "No",
      "new_priorityone": "Yes",
      "new_iscaseresolved_b53": "No",
      "new_iscaseresolved_b52": "No",
      "new_iscaseresolved_b51": "No",
      "modifiedby": "Sandy Ho",
      "new_iscaseresolved_b8": "No",
      "new_iscaseresolved_b12": "No",
      "new_iscaseresolved_b82": "No",
      "new_iscaseresolved_b83": "No",
      "createdon": "8/9/2018 4:19 AM",
      "new_iscaseresolved_b81": "No",
      "new_iscaseresolved_b84": "No",
      "merged": "No",
      "statecode": "Active",
      "owningbusinessunit": null,
      "owninguser": null,
      "ownerid": "Sandy Ho",
      "servicestage": "Identify",
      "severitycode": "Default Value",
      "isdecrementing": "No",
      "createdby": "Sandy Ho",
      "new_iscaseresolved_b31": "No",
      "routecase": "No",
      "isescalated": "No",
      "new_iscaseresolved_a42": "No",
      "firstresponseslastatus": "In Progress",
      "followuptaskcreated": "No",
      "new_iscaseresolved_b21": "No",
      "new_iscaseresolved_b22": "No",
      "new_iscaseresolved_b23": "No",
      "new_iscaseresolved_b24": "No",
      "new_iscaseresolved_b25": "No",
      "customercontacted": "No",
      "new_iscaseresolved_a4": "No",
      "new_iscaseresolved_b9": "No",
      "new_iscaseresolved": "No",
      "new_iscaseresolved_b2": "No",
      "new_iscaseresolved_b3": "No",
      "new_iscaseresolved_b0": "No",
      "new_iscaseresolved_b1": "No",
      "new_iscaseresolved_b6": "No",
      "new_iscaseresolved_b7": "No",
      "new_iscaseresolved_b4": "No",
      "new_iscaseresolved_b5": "No",
      "new_ofdaysopen": "1",
      "new_iscaseresolved_b54": "No",
      "new_iscaseresolved_a1": "No",
      "am_customerid_contact": "Tester Acc",
      "new_iscaseresolved_a3": "No",
      "new_iscaseresolved_a2": "No",
      "new_iscaseresolved_a5": "No",
      "customerid": "Trustwave",
      "primarycontactid": "Tester Acc",
      "new_iscaseresolved_a11": "No",
      "new_iscaseresolved_a12": "No",
      "firstresponsesent": "No",
      "new_iscaseresolved_b33": "No",
      "new_iscaseresolved_b32": "No",
      "new_iscaseresolved_b35": "No",
      "new_iscaseresolved_b34": "No",
      "new_iscaseresolved_a23": "No",
      "new_iscaseresolved_a22": "No",
      "new_iscaseresolved_a21": "No",
      "new_iscaseresolved_a26": "No",
      "new_iscaseresolved_a25": "No",
      "new_iscaseresolved_a24": "No",
      "new_iscaseresolved_c3": "No",
      "new_iscaseresolved_c2": "No",
      "new_iscaseresolved_c1": "No",
      "new_iscaseresolved_c0": "No",
      "new_iscaseresolved_c4": "No",
      "new_iscaseresolved_b64": "No",
      "new_iscaseresolved_b61": "No",
      "new_iscaseresolved_b62": "No",
      "new_iscaseresolved_b63": "No",
      "decremententitlementterm": "Yes",
      "new_iscaseresolved_a32": "No",
      "new_iscaseresolved_a33": "No",
      "new_iscaseresolved_a31": "No",
      "new_iscaseresolved_b13": "No",
      "new_doa": "N/A",
      "new_iscaseresolved_b11": "No",
      "new_iscaseresolved_b14": "No",
      "new_iscaseresolved_a41": "No",
      "new_reportedreason": "Customer Changed Mind",
      "new_iscaseresolved_b44": "No",
      "new_iscaseresolved_b42": "No",
      "new_iscaseresolved_b43": "No",
      "new_iscaseresolved_b41": "No",
      "exchangerate": "1.0000000000",
      "new_iscaseresolved_a0": "No",
      "checkemail": "No",
      "processid": "0ffbcde4-61c1-4355-aa89-aa1d7b2b8792",
      "traversedpath": "15322a8f-67b8-47fb-8763-13a28686c29d",
      "title": "case0809-01",
      "new_claimponumber": "po0809-03",
      "stageid": "15322a8f-67b8-47fb-8763-13a28686c29d",
      "ticketnumber": "C0058131",
      "new_customernumber": "2121262",
      "incidentid": "18f70548-b59b-e811-80e4-00155d062d1c"
    },
    "ship_line": [
      {
        "amc_loaner": "No",
        "owningbusinessunit": null,
        "new_quantity": "1",
        "statecode": "Active",
        "statuscode": "Open",
        "am_submittedtojde": "No",
        "createdby": "Sandy Ho",
        "amc_rma": "case0809-01",
        "ownerid": "Sandy Ho",
        "am_rmaitemtype": "Ship",
        "modifiedon": "8/9/2018 8:40 PM",
        "owninguser": null,
        "modifiedby": "Sandy Ho",
        "createdon": "8/9/2018 8:40 PM",
        "new_rmalinenumber": "3000",
        "amc_rmaitemid": "71ac385f-3e9c-e811-80e4-00155d062d1c",
        "am_salesordernumber": "2257405",
        "new_itemdescription": "INTEL BLKDH61CR LGA1155 MATX",
        "amc_name": "MB9252"
      }
    ],
    "receive_line": [
      {
        "amc_loaner": "No",
        "owningbusinessunit": null,
        "new_quantity": "1",
        "statecode": "Active",
        "statuscode": "Open",
        "am_submittedtojde": "No",
        "createdby": "Sandy Ho",
        "amc_rma": "case0809-01",
        "ownerid": "Sandy Ho",
        "am_rmaitemtype": "Receive",
        "modifiedon": "8/9/2018 8:40 PM",
        "owninguser": null,
        "modifiedby": "Sandy Ho",
        "createdon": "8/9/2018 8:40 PM",
        "new_rmalinenumber": "2000",
        "am_purchaseordernumber": "981370  ",
        "amc_rmaitemid": "74ac385f-3e9c-e811-80e4-00155d062d1c",
        "new_itemdescription": "SG ST500DM002 500GB SATA",
        "amc_name": "HD1460"
      }
    ]
  }
}