{
  "Description": "",
  "Integrated_Partner__c": "Equus-Main",
  "Partner_Asset_Item__c": "",
  "Partner_Case_Number__c": "",
  "Partner_Dispatch_Number__c": "",
  "Ship_to_City__c": "",
  "Ship_to_Company_Name__c": "",
  "Ship_To_Contact_Email_Address__c": "",
  "Ship_to_Contact_Name__c": "",
  "Ship_to_Contact_Phone_Number__c": "",
  "Ship_to_Country__c": "",
  "Ship_to_Postal__c": "",
  "Ship_to_State__c": "",
  "Ship_to_Street__c": "",
  "Ship_to_Street_1__c": "",
  "Subject": "",
  "Type__c": ""
}